name,renta_2001,renta_2003,renta_2006,renta_2009,renta_2011,renta_2013,pop_1998,pop_1999,pop_2002,pop_2003,pop_2004,pop_2005,pop_2006,pop_2007,pop_2008,pop_2009,pop_2010,pop_2011,pop_2012,pop_2013,pop_2014,pop_2015,pop_2016,
Abadiño,12343,14292,17224,19111,19440,19099,6820,6858,6954,6996,7031,7129,7163,7140,7197,7260,7310,7312,7385,7458,7504,7516,7533,
Abaltzisketa,12756,14195,17248,20451,23782,21723,265,262,283,281,280,284,295,304,317,316,326,321,324,330,329,329,324,
Abanto y Ciérvana-Abanto Zierbena,10764,12021,15603,17109,16916,16570,8812,8920,9111,9190,9315,9503,9608,9609,9608,9647,9724,9713,9708,9758,9688,9635,9577,
Aduna,10643,13740,18826,21279,21585,20576,308,310,332,341,342,352,368,370,376,401,429,452,452,457,471,470,470,
Aia,10135,11540,13771,17876,18226,18292,1651,1663,1643,1652,1707,1750,1773,1829,1854,1958,2007,2002,2026,2038,2039,2051,2046,
Aizarnazabal,11712,13588,14368,20093,18723,17215,543,546,531,552,579,629,614,638,653,669,708,733,766,770,775,775,775,
Ajangiz,12461,13212,17220,20486,22278,22427,401,416,425,430,428,438,441,442,445,445,450,458,457,450,463,459,469,
Albiztur,12742,13627,17631,21531,21837,21670,288,289,288,293,296,298,293,302,314,312,315,312,316,322,327,320,330,
Alegia,11440,12609,15263,17408,18185,17846,1639,1614,1610,1612,1659,1646,1671,1687,1710,1733,1750,1778,1771,1756,1744,1741,1730,
Alegría-Dulantzi,13539,15404,18763,20837,20976,19743,1259,1329,1598,1707,1919,2048,2189,2305,2467,2620,2714,2803,2869,2870,2925,2882,2856,
Alkiza,11695,12908,15749,19380,19064,20020,255,261,266,273,290,301,320,322,347,357,353,357,371,380,373,362,358,
Alonsotegi,9963,11627,14709,16368,16301,15806,2829,2775,2660,2658,2626,2745,2785,2804,2831,2835,2828,2820,2845,2827,2843,2856,2857,
Altzaga,11238,14286,16577,20552,21184,19715,97,97,116,133,148,154,153,156,157,161,159,160,162,164,165,176,171,
Altzo,13152,15258,16195,20469,20318,20029,330,338,316,320,349,359,359,379,400,402,398,405,411,409,400,405,413,
Amezketa,13138,14132,15303,18559,19754,19096,1006,995,988,983,980,969,974,954,983,990,994,970,976,972,968,942,938,
Amorebieta-Etxano,12468,13926,17142,20063,19264,19204,16207,16243,16367,16398,16609,16800,17112,17402,17626,17842,17969,18140,18513,18650,18579,18736,18859,
Amoroto,11340,12698,15013,18070,18022,18674,370,364,375,378,370,387,396,409,404,408,414,413,405,402,417,410,425,
Amurrio,11948,12866,16421,18556,19311,19240,9753,9753,9594,9555,9512,9592,9632,9879,10027,10089,10050,10014,10114,10139,10239,10263,10260,
Andoain,11282,12461,15647,18348,18381,18143,14371,14249,13966,13886,13803,13993,14082,14215,14427,14679,14662,14689,14646,14630,14655,14668,14613,
Anoeta,11817,12805,15533,18362,19054,18771,1749,1718,1723,1778,1776,1784,1777,1787,1811,1851,1850,1832,1830,1872,1893,1959,1997,
Antzuola,13993,15672,18543,21863,22297,22173,1920,1900,1901,1911,1946,2041,2073,2121,2145,2168,2161,2187,2177,2189,2193,2193,2176,
Arakaldo,12945,13901,18846,22075,20925,18552,92,88,96,94,95,90,94,97,93,95,112,128,126,130,144,157,157,
Arama,12572,13868,17403,22886,27309,23610,158,168,163,166,163,164,173,184,188,199,218,201,200,217,217,210,206,
Aramaio,13979,15075,17775,21567,23416,21107,1365,1373,1479,1489,1487,1503,1490,1493,1489,1499,1497,1496,1513,1491,1478,1518,1502,
Arantzazu,13586,15461,17595,21557,21951,21583,270,270,287,285,279,289,294,305,307,305,325,354,360,364,380,382,377,
Areatza,11614,12362,16812,17359,17780,18132,1049,1044,1039,1027,1021,1036,1072,1080,1110,1131,1142,1179,1226,1227,1211,1195,1214,
Aretxabaleta,15332,16227,18797,22482,21282,20421,5975,6096,6225,6245,6281,6320,6469,6559,6646,6689,6700,6725,6850,6930,6995,6974,6993,
Armiñón,11915,12641,20451,17770,18705,16973,145,153,167,170,162,175,179,199,198,207,225,229,231,237,250,244,234,
Arraia-Maeztu,11071,12411,16073,18550,19894,19459,692,712,733,738,736,734,728,718,707,710,708,722,739,731,714,712,722,
Arrankudiaga,12056,14968,17268,20622,20536,19983,740,745,789,775,779,802,824,848,885,909,920,933,961,964,974,973,986,
Arrasate/Mondragón,13798,14415,17383,19837,19689,18948,24185,23984,23114,23085,22872,22611,22312,22116,21974,22064,22011,21972,22027,22051,22052,22055,21987,
Arratzu,13108,13284,16777,19880,20207,20569,390,395,373,363,357,346,351,353,358,375,379,389,388,387,398,406,409,
Arratzua-Ubarrundia,15553,18547,21268,27608,30663,26242,761,756,724,717,795,807,862,880,902,921,913,951,983,981,994,997,979,
Arrieta,11276,13168,17042,21049,20807,21003,472,488,521,505,512,529,541,552,551,551,558,542,551,545,573,572,562,
Arrigorriaga,11588,13336,16292,18470,18294,17671,10502,10531,11171,11515,11871,12134,12245,12341,12399,12435,12358,12511,12525,12374,12374,12339,12260,
Artea,13790,14191,17486,20310,20546,21269,595,616,649,657,673,678,675,681,727,751,760,783,783,760,775,768,747,
Artzentales,10270,11517,14636,16926,15548,16294,644,670,666,666,660,677,688,686,710,712,729,742,760,728,722,730,743,
Artziniega,12796,12118,15511,18497,18637,18624,1317,1338,1339,1381,1451,1499,1631,1702,1764,1818,1818,1843,1861,1832,1818,1829,1840,
Asparrena,11379,12005,14057,18072,18402,18270,1544,1561,1594,1577,1581,1606,1583,1578,1595,1644,1680,1684,1698,1671,1652,1647,1630,
Asteasu,12355,14515,15940,19552,19845,19286,1172,1179,1296,1317,1346,1394,1424,1456,1488,1478,1473,1491,1512,1513,1523,1525,1505,
Astigarraga,11949,12899,16170,19646,20133,19957,3201,3355,3796,3951,4109,4151,4242,4386,4522,4678,4709,4818,4999,5304,5535,5688,5880,
Ataun,12104,14037,14444,20544,21512,21624,1574,1553,1534,1514,1514,1531,1574,1599,1654,1671,1670,1669,1680,1681,1700,1674,1701,
Atxondo,12360,13397,16236,18710,18269,17822,1488,1460,1432,1451,1424,1431,1441,1447,1456,1454,1433,1429,1415,1386,1393,1378,1374,
Aulesti,11338,11944,14855,17707,18589,18637,643,647,657,654,659,668,674,674,680,683,680,681,669,648,654,658,658,
Ayala/Aiara,11797,13976,16931,19744,19777,19430,2001,2031,2157,2236,2415,2542,2625,2635,2710,2763,2827,2880,2918,2935,2929,2927,2946,
Azkoitia,12705,13744,16752,19279,19386,19245,10231,10212,10257,10288,10345,10492,10641,10787,11091,11266,11351,11417,11492,11463,11480,11566,11587,
Azpeitia,13262,14360,16013,20680,19386,19219,13606,13560,13740,13858,13857,13884,13930,14054,14157,14375,14305,14351,14506,14509,14580,14675,14666,
Añana,10251,11421,13033,16079,17402,17315,185,188,191,185,185,185,182,181,176,176,175,168,166,154,165,157,159,
Bakio,13837,17059,20762,24012,24666,23865,1490,1587,1756,1832,1931,2024,2114,2189,2258,2313,2470,2542,2604,2628,2615,2589,2604,
Baliarrain,9884,11554,14843,19812,21339,23252,84,85,100,97,101,96,95,91,100,110,120,122,127,131,130,147,145,
Balmaseda,9801,10742,14199,15248,15388,14640,7106,7106,7067,7043,7117,7090,7073,7105,7174,7270,7366,7583,7737,7833,7829,7800,7655,
Barakaldo,10486,11354,14843,16592,16560,16355,98649,98212,95515,94727,94967,95260,95640,96412,97328,98460,99321,100061,100369,100502,100080,100228,100025,
Barrika,14020,15266,21458,24076,23975,26780,1076,1106,1196,1239,1283,1337,1375,1405,1417,1449,1487,1516,1510,1534,1537,1539,1522,
Barrundia,12979,16088,18427,22774,24172,22698,586,590,649,704,755,779,795,818,841,875,910,906,908,924,915,905,903,
Basauri,10848,11440,13931,16478,16437,15945,48107,47575,45482,44935,44627,44052,43626,43250,42966,42657,42452,42166,41971,41799,41624,41304,40983,
Baños de Ebro/Mañueta,10329,10103,10188,13275,12201,12668,334,333,341,345,336,344,367,357,357,333,329,324,317,323,325,311,308,
Beasain,13714,14732,18177,21291,21969,21356,12297,12171,12257,12326,12442,12586,12682,12932,13510,13557,13680,13717,13850,13792,13812,13980,13949,
Bedia,11909,12481,15869,17673,18118,18891,988,984,988,985,978,983,984,982,982,962,966,970,987,1020,1035,1022,1027,
Beizama,12376,14324,15807,21058,17600,15299,163,161,159,168,166,173,170,182,180,180,183,182,175,170,167,165,166,
Belauntza,13345,12374,16662,22243,21176,19476,295,322,294,294,296,289,307,306,319,292,296,287,281,269,260,248,241,
Berango,12817,15764,20983,23905,25584,24004,4690,4823,5288,5612,5846,5904,6012,6280,6440,6588,6748,6812,6883,6947,6925,6961,6972,
Berantevilla,10340,11716,18701,16986,18826,19133,406,422,467,464,458,458,442,446,447,438,499,494,480,479,477,467,449,
Berastegi,11423,13335,17491,19882,20473,19712,951,972,990,982,994,995,1003,1003,1031,1033,1051,1061,1062,1067,1056,1061,1078,
Bermeo,10380,11331,14488,16151,16891,17818,16989,17011,16924,16906,16901,16932,16909,16826,16940,16937,17026,17078,17144,17159,17057,16947,16861,
Bernedo,11477,12884,14994,18523,18314,18446,548,544,534,544,538,566,569,581,588,575,575,565,568,567,545,526,499,
Berriatua,11275,12692,14575,15734,16015,17215,955,940,987,1023,1077,1140,1177,1232,1282,1309,1284,1257,1254,1249,1236,1220,1214,
Berriz,12033,13353,16703,18588,18593,18635,4113,4123,4326,4445,4468,4540,4676,4759,4829,4888,4882,4871,4855,4829,4785,4778,4707,
Berrobi,11160,12786,16015,16992,17915,18835,552,551,574,565,571,560,588,587,589,600,576,578,568,564,568,583,575,
Bidania-Goiatz,11036,11807,14237,16897,17222,17582,414,420,428,432,439,457,464,483,492,510,531,533,537,525,524,526,515,
Bilbao,12881,13922,18196,20081,19787,19647,358467,357589,353950,353567,352317,353173,354145,353168,353340,354860,353187,352700,351629,349356,346574,345141,345122,
Busturia,11726,12139,16823,18681,18661,18771,1667,1654,1696,1665,1685,1713,1715,1731,1716,1746,1762,1776,1745,1717,1693,1687,1659,
Campezo/Kanpezu,10293,11513,13109,17846,17421,16352,1073,1062,1081,1063,1085,1083,1075,1106,1108,1118,1126,1123,1136,1127,1084,1069,1059,
Deba,12523,13470,16843,20208,19679,19079,5032,5090,5219,5275,5259,5274,5313,5367,5404,5408,5384,5420,5439,5424,5450,5463,5480,
Derio,11303,12299,17028,17837,18281,18324,4666,4609,4864,4935,4915,5030,5107,5191,5253,5307,5372,5458,5627,5828,5940,6022,6154,
Dima,13280,14926,18846,20334,20288,20578,1050,1054,1068,1079,1128,1143,1155,1239,1266,1305,1313,1356,1365,1404,1416,1424,1458,
Donostia / San Sebastián,14895,15496,20056,23054,23008,22260,178229,179208,181700,181811,182644,182930,183308,183090,184248,185357,185506,186185,186409,186500,186126,186095,186064,
Durango,13685,14290,17044,21035,20872,20910,24260,24515,25346,25735,26131,26511,27040,27476,27861,28229,28261,28226,28618,28691,28806,28899,29031,
Ea,11710,13875,17128,19298,19165,18771,813,818,821,796,791,797,844,870,892,905,897,896,886,864,865,844,845,
Eibar,12866,13585,17209,19392,19675,19148,29747,29339,28513,28182,28006,27784,27530,27404,27496,27419,27378,27396,27507,27439,27440,27414,27380,
Elantxobe,9624,10415,14590,15927,16483,16515,484,470,453,460,463,456,444,447,438,441,439,423,402,393,391,384,373,
Elburgo/Burgelu,16363,18848,21672,24886,24893,24080,231,269,424,435,453,475,480,524,526,541,589,623,629,617,624,608,612,
Elciego,11098,13314,16654,18059,17489,17465,909,905,950,943,926,941,932,1001,1025,1046,1051,1045,1037,1045,1054,1051,1005,
Elduain,13078,14303,17109,21491,21733,22147,221,192,214,214,216,212,215,227,236,238,235,232,231,239,239,244,242,
Elgeta,12418,13330,16480,20164,21206,20064,984,973,959,975,1002,1027,1021,1051,1050,1069,1079,1106,1120,1139,1121,1116,1113,
Elgoibar,12880,13625,16844,19606,19947,19677,10869,10750,10614,10637,10524,10538,10690,10893,11051,11220,11324,11360,11438,11518,11488,11589,11594,
Elorrio,12738,13715,17118,19396,19488,19208,7233,7233,7176,7170,7099,7094,7116,7091,7165,7227,7252,7249,7283,7294,7240,7271,7303,
Elvillar/Bilar,10160,10232,11720,13194,11510,11533,352,356,367,375,373,366,350,356,357,369,367,361,368,357,351,353,355,
Erandio,9615,10500,13712,15410,15312,15298,23207,23207,22719,22876,23104,23338,23653,23960,23987,24262,24294,24262,24326,24457,24311,24234,24240,
Ereño,11541,14381,20450,21989,23131,23610,266,259,262,251,256,262,257,260,253,258,258,263,260,249,244,252,255,
Ermua,10725,11445,14749,16304,16600,16449,17334,17260,16920,16735,16597,16449,16331,16262,16277,16252,16196,16274,16278,16247,16109,16048,16028,
Errenteria,10423,11267,14721,16833,16947,16415,39376,39189,38697,38397,38141,37873,37853,38336,38505,38767,39020,39217,39324,39178,39230,39276,39381,
Errezil,10267,10873,11202,15129,15004,16260,638,631,619,608,607,607,611,633,624,628,616,607,617,606,594,593,599,
Erriberagoitia/Ribera Alta,13378,14676,17478,20617,21761,21672,518,515,540,569,580,586,602,683,705,728,750,781,790,758,751,773,745,
Errigoiti,11736,13510,16818,19567,19107,19979,452,462,490,499,484,500,501,511,518,513,529,557,537,532,520,507,513,
Eskoriatza,14137,14867,17946,20782,20654,19665,3987,3914,3922,3902,3890,3894,3926,3958,4071,4063,4055,4043,4054,4064,4090,4085,4080,
Etxebarri,10485,12031,15294,18397,18781,18661,6438,6597,7125,7390,7516,7707,7887,8152,8536,9171,9667,10133,10337,10572,10754,10881,11017,
Etxebarria,12309,13999,15940,19475,19106,19169,793,804,796,790,789,811,812,823,832,831,821,808,805,805,790,787,775,
Ezkio-Itsaso,12859,14201,16847,20434,21707,21720,537,537,573,561,570,572,549,570,578,589,608,609,625,602,609,619,613,
Forua,11125,11869,15529,18559,19003,18560,979,986,997,1002,1010,993,975,965,986,1016,1012,979,969,978,956,947,934,
Fruiz,11948,14026,18199,21111,20874,20719,314,328,355,357,363,379,402,404,408,423,450,469,537,547,555,547,540,
Gabiria,13947,13552,16722,20254,23178,22545,436,434,426,442,419,420,429,434,448,474,492,493,488,496,497,491,487,
Gaintza,14498,14926,18335,21600,20820,21601,132,133,136,129,125,122,132,136,132,132,128,130,121,119,120,122,121,
Galdakao,12776,13831,17588,19734,19830,19404,29418,29417,29569,29765,29603,29594,29374,29183,29234,29226,29254,29049,29130,29219,29351,29344,29315,
Galdames,11324,13072,16823,18675,18265,18060,780,782,806,802,808,824,813,829,813,837,838,849,843,822,815,813,812,
Gamiz-Fika,13565,16080,22565,22434,22755,22428,1022,1085,1201,1227,1254,1264,1289,1283,1283,1318,1327,1331,1349,1348,1342,1344,1365,
Garai,13647,15703,17218,27192,27529,28737,240,240,259,275,285,283,279,309,321,318,323,339,342,330,316,313,309,
Gatika,13568,15286,19140,22008,21814,22553,1177,1216,1290,1295,1340,1365,1419,1464,1520,1559,1570,1584,1623,1611,1615,1653,1656,
Gautegiz Arteaga,13661,15945,20508,23500,22590,21905,811,811,856,867,880,869,882,871,870,875,869,879,910,895,868,858,851,
Gaztelu,10887,13454,16777,18281,18792,18971,148,149,147,150,151,151,152,170,166,158,166,170,168,170,171,164,160,
Gernika-Lumo,11892,13022,16183,18395,18325,18454,15485,15491,15452,15454,15571,15855,15959,16171,16255,16244,16295,16442,16812,16863,16797,16763,16869,
Getaria,11862,12545,16757,19314,19828,20246,2345,2430,2446,2494,2510,2546,2525,2527,2585,2628,2675,2666,2679,2686,2726,2783,2818,
Getxo,17823,19496,25880,26851,26893,26505,82974,83459,84024,83624,83004,82687,82327,81746,81260,80770,80277,80089,80026,79839,79544,78846,78554,
Gizaburuaga,11773,13912,16792,18894,21230,20624,131,140,147,140,141,147,179,174,182,196,201,205,204,215,212,213,208,
Gordexola,16528,13562,18339,20019,19304,23688,1463,1445,1529,1533,1544,1571,1589,1641,1704,1741,1740,1756,1733,1717,1710,1710,1698,
Gorliz,14600,16075,21815,21990,22000,21314,3808,3970,4553,4652,4750,4882,5049,5176,5287,5400,5503,5515,5532,5607,5664,5670,5669,
Güeñes,10258,11776,14907,16796,17211,16839,5870,5859,5865,5960,6061,6119,6167,6204,6275,6349,6473,6400,6483,6522,6535,6578,6658,
Harana/Valle de Arana,8966,9572,11881,15155,16174,15640,358,353,337,336,329,338,329,313,311,305,296,287,278,260,259,242,237,
Hernani,11722,12571,15743,18301,18634,17811,18787,18682,18661,18747,18792,18827,18943,19119,19229,19289,19285,19296,19284,19354,19601,19600,19712,
Hernialde,11360,13370,16760,19511,19005,18540,302,287,287,294,305,326,334,334,343,346,348,359,361,352,350,331,321,
Hondarribia,13382,14807,18608,21329,22366,20696,14546,14674,15368,15493,15727,15940,16073,16226,16315,16458,16464,16499,16518,16795,16894,16945,16950,
Ibarra,11718,12982,16151,18472,19002,18529,4380,4334,4326,4374,4372,4306,4299,4273,4298,4335,4345,4290,4269,4268,4256,4278,4237,
Ibarrangelu,12470,14775,19574,21655,23835,22702,517,515,541,540,541,570,574,593,611,616,614,636,641,632,639,640,641,
Idiazabal,13827,15040,16844,22349,23711,23384,2032,2040,2019,2054,2124,2162,2166,2187,2212,2264,2261,2280,2291,2299,2306,2308,2304,
Igorre,12320,13192,16177,17950,17465,18153,3940,3938,3943,3995,4019,4066,4068,4067,4162,4238,4239,4273,4235,4229,4247,4241,4194,
Ikaztegieta,13410,16428,15046,17693,19819,18706,379,382,380,386,387,394,453,455,459,465,470,470,469,464,464,486,487,
Irun,11001,11981,15826,17546,17588,16757,55196,55497,57618,58036,58899,59508,60261,60416,60914,60951,60938,61006,61102,61113,61195,61481,61608,
Irura,12887,15225,18850,21703,22293,21246,745,746,950,1040,1079,1113,1193,1270,1418,1515,1577,1619,1640,1665,1671,1690,1785,
Iruraiz-Gauna,11875,13487,14251,18199,20390,18705,417,416,457,458,465,478,474,483,486,493,511,534,541,517,511,509,514,
Iruña Oka/Iruña de Oca,12274,14123,17308,20761,20592,19717,1683,1674,1986,2006,2093,2252,2437,2587,2783,2887,2973,2966,3072,3100,3108,3172,3270,
Ispaster,10388,11956,15173,17912,19161,19228,615,620,609,613,615,619,618,629,662,662,668,679,704,715,708,702,721,
Itsasondo,12188,12749,16074,19546,19201,18432,609,609,581,564,554,565,591,610,631,649,661,663,677,669,666,675,658,
Iurreta,11099,12298,13989,17277,17509,16800,4420,4329,4169,4146,4046,4027,3901,3844,3854,3837,3812,3867,3884,3856,3781,3753,3724,
Izurtza,12559,15281,16453,20570,19845,22292,273,272,265,263,265,253,251,245,260,258,270,276,276,279,274,254,238,
Karrantza Harana/Valle de Carranza,8087,8789,11839,13300,12585,12568,3081,3037,2926,2909,2884,2850,2838,2816,2831,2810,2786,2794,2806,2775,2794,2749,2729,
Kortezubi,11388,12973,15918,19680,20792,19177,357,362,381,371,372,387,392,403,409,412,419,430,423,445,461,467,449,
Kripan,9076,9378,9969,12928,12279,13270,187,190,186,191,190,193,188,184,184,194,195,197,194,198,188,182,186,
Kuartango,12092,13415,16014,20045,20449,19775,362,372,372,367,364,356,364,358,357,357,355,351,358,357,356,362,368,
Labastida/Bastida,10271,11729,14040,16089,15620,15099,1177,1195,1288,1302,1334,1391,1434,1475,1503,1494,1471,1470,1508,1476,1489,1471,1460,
Lagrán,10440,11773,14616,17111,18069,17427,195,197,196,191,195,192,191,194,190,186,178,184,180,170,161,163,168,
Laguardia,10933,12434,14638,17288,17116,16405,1409,1409,1447,1463,1480,1483,1485,1484,1506,1510,1512,1546,1548,1528,1518,1520,1478,
Lanciego/Lantziego,9046,9735,11496,12668,13088,12151,645,642,664,648,643,660,673,687,683,677,696,682,685,685,681,679,681,
Lanestosa,8120,7444,11505,11958,12237,11708,296,291,291,286,285,279,279,294,286,287,272,265,264,270,266,271,266,
Lantarón,10197,11915,14302,16470,16962,15929,901,924,974,929,935,966,957,964,938,982,957,929,929,937,931,893,888,
Lapuebla de Labarca,8640,8823,18959,14323,13984,14326,864,872,877,865,848,854,842,882,910,877,866,867,848,828,861,860,852,
Larrabetzu,13569,15227,18747,21847,22496,22139,1552,1550,1580,1607,1618,1647,1663,1742,1840,1874,1917,1931,1974,2016,2023,2046,2050,
Larraul,10116,11052,14945,19905,20268,21496,136,144,150,169,176,177,177,208,239,249,253,244,247,259,260,249,245,
Lasarte-Oria,11785,12689,15722,17862,18177,17600,17750,17630,17413,17628,17734,17646,17582,17592,17694,17782,17856,17889,17922,18024,18082,18093,18152,
Laudio/Llodio,11404,12335,14838,17933,18523,18220,19694,19632,19026,18871,18721,18633,18478,18397,18276,18314,18420,18494,18498,18510,18428,18300,18212,
Laukiz,23363,20005,29726,29128,36969,28834,919,946,1007,994,975,986,979,997,1056,1082,1109,1138,1149,1148,1129,1145,1180,
Lazkao,12605,14224,17296,20201,20916,20840,4847,4873,5003,5064,5064,5113,5123,5203,5285,5354,5348,5407,5435,5486,5465,5456,5539,
Leaburu,13163,13223,15037,20239,18655,18894,356,356,368,375,369,364,375,384,388,386,395,383,384,362,373,368,364,
Legazpi,12332,13401,16603,19389,19763,19437,9126,9064,8785,8730,8673,8665,8610,8621,8709,8715,8718,8684,8639,8638,8608,8521,8485,
Legorreta,12597,13199,15742,19453,20572,19071,1423,1422,1370,1371,1363,1375,1414,1439,1448,1494,1496,1526,1483,1491,1468,1441,1443,
Legutio,15247,14937,16920,20683,22138,20922,1324,1333,1418,1442,1459,1499,1517,1587,1604,1643,1644,1698,1762,1749,1703,1716,1747,
Leintz-Gatzaga,18094,15604,18520,18900,20438,21091,254,262,243,247,248,250,257,250,263,266,262,272,256,258,244,241,235,
Leioa,13266,14221,18819,20824,20949,20288,27308,27645,28401,28893,28806,28858,29100,29217,29748,30079,30262,30454,30626,30637,30685,30715,30857,
Lekeitio,11338,12375,15196,17471,17977,17654,7466,7443,7400,7354,7300,7293,7307,7398,7490,7477,7438,7409,7419,7374,7305,7229,7182,
Lemoa,12217,13271,17439,18578,18283,17894,2466,2487,2707,2767,2793,2831,2817,2968,3114,3158,3226,3346,3451,3475,3512,3505,3523,
Lemoiz,12676,13985,19132,20356,22296,22230,877,898,887,888,908,925,950,991,1031,1028,1023,1042,1083,1137,1182,1215,1219,
Leza,10296,12577,15676,16144,17651,19765,172,196,209,210,220,230,222,230,226,225,236,213,218,213,207,216,212,
Lezama,16086,17467,22284,24388,23757,23309,2053,2109,2157,2182,2223,2287,2352,2411,2443,2465,2501,2517,2476,2448,2432,2406,2394,
Lezo,11044,11767,14358,17115,17642,16710,5798,5829,5928,6013,5920,5911,5945,5966,6022,6003,5988,6028,6027,6054,6007,5990,5960,
Lizartza,11906,12951,14237,17687,17984,17405,621,600,590,597,601,613,602,610,628,641,661,644,649,637,640,624,602,
Loiu,14680,17359,24962,24272,24655,24581,1661,1898,2272,2129,2193,2205,2200,2180,2147,2290,2521,2491,2498,2484,2388,2392,2360,
Mallabia,12641,14676,17919,19580,19905,19254,1079,1102,1111,1119,1105,1132,1135,1162,1171,1178,1182,1188,1198,1212,1211,1215,1173,
Markina-Xemein,11772,12929,15706,17340,18225,18422,4692,4699,4698,4713,4752,4823,4575,4676,4804,4947,4950,4967,4969,4982,4982,4969,4970,
Maruri-Jatabe,14623,16363,24257,24835,25330,26657,582,589,680,732,772,807,843,847,855,898,896,916,961,948,945,955,954,
Mañaria,13806,15688,15815,21776,21165,21767,476,476,455,453,451,458,459,473,474,496,519,513,507,517,507,527,523,
Mendaro,12591,13807,16376,20360,21053,20453,1284,1343,1446,1515,1587,1679,1689,1720,1839,1907,1898,1929,1962,1981,1998,2026,2031,
Mendata,11720,12848,16385,19287,19277,19701,322,333,340,342,343,346,374,373,371,382,390,381,378,368,379,381,390,
Mendexa,11856,13645,14837,17799,18493,20061,341,337,349,348,363,378,400,411,414,437,431,438,439,440,455,463,460,
Meñaka,12820,14231,18616,21093,20895,20861,476,493,519,535,563,584,634,646,664,678,702,726,754,745,745,734,741,
Moreda de Álava / Moreda Araba,10181,9455,12537,13607,13883,13285,289,292,287,280,276,280,274,275,267,261,249,249,246,238,236,233,229,
Morga,11541,12736,19532,19684,19783,19085,381,384,407,422,419,405,404,395,399,409,419,411,406,427,416,420,417,
Mundaka,12029,13301,17685,19980,20297,20247,1783,1787,1843,1837,1847,1852,1879,1859,1863,1933,1938,1939,1940,1929,1893,1892,1875,
Mungia,13922,15572,19673,22113,22373,22377,13216,13396,13985,14285,14446,14882,15104,15401,15848,16209,16527,16737,16912,17022,17055,17131,17298,
Munitibar-Arbatzegi Gerrikaitz-,11404,12564,15058,17116,17753,17336,394,386,394,382,385,377,380,381,395,413,415,427,438,458,469,461,461,
Murueta,14108,15672,19459,22647,24479,27299,221,218,249,264,289,281,302,305,309,310,308,308,302,311,311,310,309,
Muskiz,11101,11977,15321,17827,17962,17608,6123,6196,6283,6573,6597,6682,6839,6943,7089,7216,7331,7408,7541,7620,7612,7601,7582,
Mutiloa,10804,14438,18394,24804,22370,22077,158,167,158,159,156,168,200,218,235,235,248,246,253,252,262,266,256,
Mutriku,10883,12145,14750,18823,18692,17606,4743,4799,4809,4769,4752,4752,4795,4913,4973,4979,5021,5029,5101,5225,5293,5313,5329,
Muxika,11931,13008,16867,18769,19436,19711,1387,1374,1332,1302,1290,1295,1331,1378,1448,1473,1466,1477,1468,1457,1443,1450,1436,
Nabarniz,11765,12334,14992,18335,19297,19523,236,232,227,226,231,229,223,230,225,231,234,236,227,232,239,237,259,
Navaridas,11491,12627,14172,12731,11194,10108,217,215,220,207,208,210,211,218,219,209,211,213,220,223,214,231,226,
Oiartzun,12316,13490,17216,19510,19736,19285,9003,9055,9297,9407,9633,9730,9829,9806,9846,9894,9947,10006,10018,9995,9970,10148,10175,
Okondo,10483,11660,14572,18082,17149,17105,810,831,913,964,1004,1015,1032,1064,1076,1087,1116,1155,1157,1149,1158,1156,1171,
Olaberria,13847,14312,19369,20692,21750,20884,985,977,919,900,918,918,920,936,967,968,948,937,941,942,957,932,941,
Ondarroa,10151,10789,13360,15217,15730,15683,10114,10013,9822,9761,9642,9435,9277,9072,8987,8921,8856,8852,8838,8687,8575,8527,8495,
Ordizia,13565,14128,17271,19898,20197,20366,9066,9087,9021,8962,8926,9025,9188,9339,9758,9732,9758,9811,9817,9767,9803,9846,9875,
Orendain,10628,12653,13491,22850,24303,22682,150,152,145,161,162,165,170,175,180,183,191,186,181,192,193,193,200,
Orexa,13077,15728,18331,22129,21622,19900,80,79,81,83,85,89,96,115,121,121,123,122,123,122,123,126,125,
Orio,12092,13596,16753,19420,20337,19511,4294,4307,4505,4605,4585,4640,4695,4839,4969,5026,5147,5270,5382,5524,5694,5805,5851,
Ormaiztegi,13582,15586,18902,22958,22588,22999,1173,1176,1161,1194,1242,1249,1268,1301,1308,1323,1319,1320,1303,1312,1305,1304,1316,
Orozko,11650,12865,17460,19842,19804,20286,1922,1963,2151,2204,2265,2302,2336,2344,2382,2409,2405,2451,2549,2613,2610,2611,2606,
Ortuella,9903,10873,14281,15970,16023,15214,8778,8791,8784,8763,8644,8554,8618,8577,8504,8520,8435,8412,8416,8397,8410,8415,8370,
Otxandio,11819,13195,15689,18029,18832,18638,1018,1016,1023,1025,1040,1060,1107,1182,1220,1232,1269,1277,1302,1291,1297,1272,1295,
Oyón-Oion,10998,10957,15296,15206,16098,14965,2246,2286,2488,2564,2678,2827,2929,3014,3101,3150,3246,3284,3305,3279,3298,3320,3326,
Oñati,15035,15924,19668,22413,22402,21941,10634,10668,10780,10750,10729,10711,10743,10756,10816,10896,10957,11033,11151,11202,11282,11276,11348,
Pasaia,9879,10784,13741,15777,16128,15635,17255,17056,16337,16145,16078,16116,16160,16091,15996,15990,15977,15945,15885,15849,15929,16012,16207,
Peñacerrada-Urizaharra,11521,12348,15701,21365,20827,22680,243,258,251,265,263,257,260,253,271,290,296,287,280,269,269,270,269,
Plentzia,15633,17596,21485,23648,22891,21565,3286,3463,3683,3763,3895,3949,4069,4081,4146,4302,4292,4311,4314,4347,4344,4338,4304,
Portugalete,10886,11649,15196,17029,17043,16872,53498,53241,51553,50927,50357,49788,49118,48386,48205,48105,47856,47742,47756,47233,47117,46718,46375,
Ribera Baja/Erribera Beitia,12678,14830,18282,19700,18871,17449,499,493,728,856,966,1036,1098,1130,1173,1198,1303,1314,1332,1334,1358,1359,1353,
Salvatierra/Agurain,11435,11956,14061,17519,17966,16969,3876,3933,4045,4044,4096,4118,4217,4407,4628,4801,4867,4884,4978,4995,4952,4986,4985,
Samaniego,11243,12944,17791,14490,14868,15007,305,306,311,317,319,310,308,313,329,319,329,336,331,326,290,294,303,
San Millán/Donemiliaga,11485,12589,14261,18587,20146,19647,700,681,696,685,706,721,716,744,715,711,725,725,719,743,726,722,717,
Segura,13146,13736,16061,21578,21176,21451,1263,1263,1238,1234,1234,1230,1250,1319,1377,1391,1455,1488,1477,1473,1480,1476,1472,
Sestao,9845,10445,13756,15028,14883,14567,33732,33288,32154,31527,30766,30350,30036,29718,29638,29476,29224,28959,28831,28651,28288,28052,27841,
Sondika,12777,14498,19353,20902,20839,20795,3694,3854,4023,4142,4242,4300,4389,4432,4484,4536,4515,4533,4548,4550,4589,4535,4519,
Sopela,13807,15363,19648,22226,22147,21901,9815,9917,10787,10894,11209,11469,11861,12123,12242,12359,12527,12693,12912,12977,13061,13211,13407,
Sopuerta,11141,11831,15777,17707,17411,17589,2271,2229,2217,2225,2272,2308,2361,2416,2427,2504,2552,2588,2604,2575,2563,2599,2595,
Soraluze-Placencia de las Armas,11747,12437,15760,17429,17311,17192,4337,4315,4177,4158,4158,4148,4098,4062,4029,3990,4002,3995,3981,4018,3991,3947,3944,
Sukarrieta,18458,19559,25326,27354,26745,27356,330,329,322,330,360,355,354,353,345,350,352,354,357,360,355,373,368,
Tolosa,13715,14541,18115,21390,22247,21210,18066,18113,18015,17937,17798,17829,17877,17888,17894,18044,18095,18232,18574,18836,18936,19113,19175,
Trucios-Turtzioz,8815,9051,13110,15123,13917,13099,530,544,528,521,530,524,524,548,546,532,542,537,538,535,525,513,510,
Ubide,12060,13050,15575,17913,16087,17284,163,168,168,171,161,159,157,155,158,161,167,184,184,176,180,179,178,
Ugao-Miraballes,11377,12278,15885,17915,17647,17482,4150,4158,4097,4099,4079,4060,4035,4017,4014,4029,4050,4059,4059,4094,4085,4122,4113,
Urduliz,11793,13000,17122,19482,20219,19833,2825,2923,3146,3161,3176,3241,3139,3267,3300,3338,3422,3571,3631,3770,3930,4070,4146,
Urduña/Orduña,11089,11733,15911,16796,17282,17077,3882,3876,3972,3991,4038,4057,4096,4134,4197,4220,4258,4259,4237,4246,4216,4186,4163,
Urkabustaiz,11960,14173,17788,20469,20225,20090,821,840,900,917,958,999,1048,1141,1159,1196,1271,1325,1350,1300,1278,1300,1339,
Urnieta,11582,12542,16052,18758,19019,18463,5295,5376,5733,5824,5807,5847,5896,5998,6065,6135,6145,6167,6218,6214,6198,6239,6247,
Urretxu,12513,13632,16950,20166,20499,19692,6283,6381,6604,6665,6667,6723,6778,6761,6812,6912,6957,6930,6927,6853,6890,6908,6805,
Usurbil,12434,13500,17421,20192,20136,19539,5282,5282,5388,5474,5512,5661,5723,5718,5793,5919,6013,6062,6090,6111,6168,6183,6197,
Valdegovía/Gaubea,11517,12812,15350,18398,19270,17593,896,925,993,1010,1046,1070,1076,1112,1148,1098,1106,1098,1067,1044,1038,1013,1015,
Valle de Trápaga-Trapagaran,10717,11546,14948,16889,16660,16306,12673,12609,12697,12686,12605,12580,12508,12451,12402,12353,12317,12224,12189,12100,12129,12093,12030,
Villabona,11734,12996,15706,18410,18702,18184,5408,5443,5584,5630,5742,5745,5741,5750,5760,5783,5822,5863,5872,5882,5888,5862,5891,
Villabuena de Álava/Eskuernaga,10210,11394,12219,15051,12665,11917,339,336,341,336,321,322,325,314,317,318,316,325,319,310,312,306,292,
Vitoria-Gasteiz,13731,14506,17597,19980,20465,19604,216527,217154,221270,223257,223702,226490,227568,229484,232477,235661,238247,239562,242223,241386,242082,243918,244634,
Yécora/Iekora,9113,9916,11672,13094,11750,13973,252,257,262,255,266,279,286,293,299,305,286,287,285,265,258,266,269,
Zaldibar,12215,13058,16226,18443,19990,20661,2944,2897,2890,2874,2894,2875,2876,2888,2931,3014,3041,3038,3062,3042,3062,3063,3087,
Zaldibia,12451,12926,16359,19066,19918,20301,1550,1525,1508,1511,1481,1477,1446,1463,1504,1525,1504,1517,1522,1528,1558,1577,1575,
Zalduondo,11527,13734,18078,20841,28825,21661,132,141,142,146,162,169,176,185,184,185,193,197,185,186,185,196,188,
Zalla,11269,12065,15403,17140,16951,16615,7582,7640,7799,7888,7919,7973,8010,8071,8178,8186,8176,8258,8442,8511,8481,8477,8440,
Zambrana,11480,11421,15854,18354,16525,17836,366,370,375,352,361,367,362,360,358,377,383,403,430,422,417,406,398,
Zamudio,12248,13283,17031,18308,18819,18931,2953,2953,3045,3101,3149,3176,3192,3226,3227,3203,3232,3248,3281,3272,3263,3244,3267,
Zaratamo,11825,12659,15823,18592,18158,17092,1614,1649,1674,1651,1647,1624,1651,1687,1741,1735,1709,1666,1663,1650,1652,1613,1601,
Zarautz,13869,14622,17962,21202,21487,20490,19716,20187,21466,21680,21906,22056,22323,22315,22474,22627,22658,22697,22650,22760,22890,22988,23117,
Zeanuri,13881,15658,17759,21129,21279,22056,1160,1173,1152,1144,1155,1203,1242,1283,1317,1330,1302,1297,1312,1290,1269,1258,1252,
Zeberio,12501,13894,16879,19894,19368,19323,929,930,992,1016,1025,1027,1050,1072,1072,1054,1060,1063,1075,1084,1085,1081,1087,
Zegama,11668,12702,15325,19433,18862,19942,1312,1307,1307,1300,1307,1303,1348,1407,1454,1492,1530,1553,1553,1547,1527,1517,1514,
Zerain,14574,15736,20115,23254,23506,23056,236,242,251,252,249,243,244,248,244,243,249,257,265,263,263,255,255,
Zestoa,11592,12680,15770,18447,18437,17925,3182,3182,3124,3081,3104,3220,3311,3410,3426,3479,3544,3655,3661,3650,3656,3714,3734,
Zierbena,12168,12379,17322,20194,21482,19936,1170,1180,1207,1244,1265,1283,1283,1299,1351,1382,1398,1440,1461,1479,1498,1493,1489,
Zigoitia,16923,18075,23538,25499,26059,25185,1132,1198,1316,1331,1331,1378,1407,1513,1589,1649,1694,1729,1747,1755,1743,1765,1727,
Ziortza-Bolibar,11772,12929,14724,17358,17183,17513,0,0,0,4752,4823,383,395,395,396,408,410,418,429,434,434,432,NA,
Zuia,15209,18089,20673,24480,25797,25023,1578,1637,1956,2098,2219,2295,2329,2372,2379,2390,2401,2424,2439,2427,2427,2383,2349,
Zumaia,12768,13701,17134,21906,21041,19685,8305,8331,8560,8656,8705,8739,8837,8976,9099,9285,9337,9461,9581,9626,9734,9798,9840,
Zumarraga,11639,12841,16384,18289,19411,18463,10330,10126,10265,10173,10115,10070,10078,10059,10053,10104,10037,10007,10024,10094,9950,9921,9918,
